bigram,frequency,probability
aa,1382366,0.041587095745903094
es,578908,0.017415867016455314
an,527498,0.015869248687954123
ar,494910,0.014888871366631485
er,492622,0.014820039179593736
en,447984,0.013477149684405325
ra,407073,0.01224638324913374
in,376297,0.011320518131881207
on,356785,0.010733519166199136
re,348494,0.010484092740180787
al,345589,0.010396698726481196
te,332968,0.010017008589853816
as,328189,0.009873237164218587
ri,324224,0.00975395411281794
la,317004,0.009536747648476788
os,311145,0.009360485505183879
ta,306902,0.009232839102386163
or,290142,0.008728631298735513
co,286213,0.00861043127125679
ro,280558,0.00844030626352144
ca,273043,0.00821422501982009
ma,272316,0.00819235395339682
ss,268535,0.00807860635759711
nt,263124,0.007915821845332571
na,258577,0.007779029907194176
ti,258519,0.0077772850353199675
le,257382,0.00774307952978591
de,257184,0.007737122898215336
st,255101,0.0076744579307329785
ic,254948,0.007669855079064807
li,243524,0.007326175487841357
ki,243051,0.007311945756867206
is,243041,0.007311644916888895
el,234044,0.007040979188401728
ik,224634,0.006757888768810283
ad,223624,0.006727503931000787
ia,223252,0.006716312683807586
do,220034,0.0066195023787868346
at,216496,0.006513065194460104
wi,215271,0.006476212297116903
to,214814,0.006462463910108052
ch,208284,0.006266015404270417
ne,206813,0.006221761843460745
se,204810,0.0061615035958048825
ll,204696,0.006158074020052128
ci,199803,0.006010873018664142
lo,197761,0.005949441495092864
ac,197422,0.005939243019828093
ni,191363,0.005756964076968946
da,187518,0.0056412911053080415
nd,184740,0.005557717759333012
am,184512,0.0055508586078275015
sw,184356,0.005546165504165836
me,182690,0.005496045563779083
ol,181961,0.00547411432936015
di,178484,0.005369512268901122
si,178433,0.005367977985011731
sa,177103,0.0053279662678962555
il,176198,0.005300740249859034
io,173652,0.005224146391380838
no,169609,0.00510251678814936
it,169470,0.005098335112450825
tr,163944,0.0049320909404357
ha,152989,0.004602520744195074
ie,151408,0.004554957943623972
mi,147904,0.004449543615223502
pa,147457,0.004436096068192962
et,146554,0.0044089302181514025
om,144064,0.004334021063551754
ba,142715,0.0042934377504774855
mo,140259,0.004219551451804097
pe,136732,0.00411344519145351
us,136096,0.004094311768832876
id,134582,0.0040487645961164625
ur,130269,0.003919012313470564
ec,126054,0.0037922082626121218
ab,120845,0.003635500717909482
ng,120502,0.003625181906653386
oo,119668,0.0036000918524621782
ue,114545,0.0034459715315730203
ga,114098,0.003432523984542481
he,113345,0.003409870734175599
po,113055,0.0034011463748045557
vi,110834,0.003334329815621495
sc,109953,0.0033078258135322215
hi,108971,0.0032782833276619986
ce,108280,0.00325749528516065
ns,107079,0.0032213644037653974
un,106204,0.003195040905663111
em,105235,0.0031658895117646934
so,103409,0.0031109561317249506
nc,102529,0.0030844822136335084
rt,102021,0.0030691995427352668
ir,100827,0.0030332792493248323
ed,100072,0.0030105658309622883
ot,99915,0.003005842643302792
be,99693,0.0029991639957842693
im,97893,0.002945012799688137
ge,97140,0.0029223595493212554
oc,96605,0.0029062646104815715
va,96280,0.002896487311186437
ve,93849,0.002823353112458827
pr,93245,0.002805182377768792
ul,92221,0.002774376363989659
rr,90593,0.002725399615520491
ag,88240,0.002654611968623714
cu,88184,0.0026529272647451674
ea,87830,0.0026422775295129285
ho,87263,0.002625219902742647
qu,86777,0.0026105990797966913
op,82607,0.002485148808840652
su,81739,0.002459035898723184
gu,80275,0.00241499292589833
ua,80139,0.0024109015021932887
ka,80060,0.0024085248663646254
ap,80041,0.0024079532704058327
za,79430,0.0023895719477309793
pi,79355,0.0023873156478936403
bi,79354,0.0023872855638958092
tu,79227,0.002383464896171249
ae,78975,0.00237588372871779
au,78848,0.0023720630609932298
ai,78718,0.0023681521412751757
ee,77281,0.0023249214363917636
go,76714,0.002307863809621482
ru,75537,0.0022724549441741782
ui,75322,0.0022659868846404735
ig,75192,0.0022620759649224194
od,74398,0.002238189270644459
bo,74265,0.0022341880989329116
lu,69671,0.00209598221289645
th,69383,0.002087318021521069
fi,68925,0.002073539550514387
sp,68388,0.0020573844436790408
eg,68235,0.0020527815920108696
sh,67820,0.0020402967329109277
ei,67803,0.0020397853049477976
rs,67671,0.0020358142172340814
br,67148,0.002020080286368372
um,66993,0.0020154172667045385
gr,66176,0.001990838640476461
gi,63942,0.0019236309893215947
ón,63741,0.0019175841057575266
ut,63117,0.0018988116911108676
ou,61828,0.0018600334179064708
hu,61770,0.0018582885460322622
rd,59845,0.001800376850207232
ov,58190,0.0017505878337966219
og,57856,0.0017405397785210063
av,57385,0.0017263702155425184
mp,56071,0.0016868398423923422
ja,56055,0.0016863584984270431
ex,55965,0.0016836509386222364
iv,54940,0.0016528148408452726
rm,54700,0.0016455946813657882
rc,54609,0.0016428570375631505
fe,54479,0.0016389461178450964
uc,54368,0.001635606794085835
ct,54023,0.0016252278148340764
ep,53984,0.0016240545389186601
cr,53881,0.0016209558871420483
rg,53449,0.0016079596000789765
iz,53064,0.0015963772609139705
ió,52544,0.0015807335820417546
ob,52494,0.0015792293821501953
mb,52094,0.0015671957830177216
ay,52084,0.0015668949430394097
ip,51749,0.001556816803765963
ko,51627,0.0015531465560305584
ke,51233,0.0015412934608850719
dr,50810,0.0015285679298024809
bl,50741,0.001526492133952129
mu,50352,0.0015147894587957983
oe,50209,0.0015104874471059389
ya,49971,0.0015033274556221171
fo,49784,0.0014977017480276855
fa,49576,0.0014914442764787992
ak,49317,0.0014836525210405224
ev,49157,0.001478839081387533
jo,47416,0.0014264628411634409
bu,46996,0.0014138275620743433
rn,46835,0.0014089840384235227
eo,46512,0.00139926690712405
ib,46318,0.0013934306115448004
nn,44438,0.0013368726956221736
rl,43791,0.0013174083490253973
tt,43552,0.0013102182735437442
fr,42260,0.001271349748345854
pl,42132,0.0012674989966234623
pu,41700,0.0012545027095603907
ef,41445,0.0012468312901134386
ud,41077,0.0012357603789115627
vo,41041,0.0012346773549896401
du,40461,0.0012172286362475532
ía,40297,0.0012122948606032389
lt,40250,0.0012108809127051733
sk,39902,0.001200411681459921
eu,39405,0.0011854599345378224
ts,39225,0.0011800448149282092
ah,39064,0.0011752012912773886
az,38714,0.001164671892036474
ub,38307,0.001152427704919182
sm,38108,0.001146440989350776
eb,38007,0.0011434025055698266
nu,37925,0.0011409356177476695
ck,37777,0.0011364831860686542
wa,37734,0.0011351895741619133
cl,37657,0.001132873106328912
if,37648,0.0011326023503484314
af,37471,0.0011272774827323117
ld,35410,0.0010652743632022406
án,34219,0.0010294443217853
ye,33299,0.0010017670437806102
oi,33162,0.000997645536077738
je,33119,0.000996351924170997
ph,32945,0.000991117308548371
oa,32628,0.0009815806812358855
aj,32210,0.0009690055701424504
ez,32150,0.0009672005302725794
gh,31415,0.0009450887918666588
of,31113,0.0009360034245216411
ze,30856,0.0009282718370790267
fu,28393,0.0008541749504208195
cc,28158,0.0008471052109304912
up,27997,0.0008422616872796704
rí,27616,0.0008307996841059892
ju,27440,0.0008255049004877007
ey,27130,0.0008161788611600336
ry,27033,0.0008132607133704086
rb,27013,0.000812659033413785
mm,26831,0.0008071837458085094
gl,26751,0.0008047770259820146
ku,26516,0.0007977072864916863
nm,26512,0.0007975869505003616
ds,26334,0.0007922319988864108
lc,26298,0.0007911489749644881
we,26231,0.0007891333471097987
lm,26145,0.0007865461232963169
ii,25905,0.0007793259638168326
zo,25534,0.0007681648006214632
ls,25438,0.0007652767368296695
zi,24817,0.0007465945741765039
nf,24656,0.0007417510505256833
iu,24241,0.0007292661914257417
nk,24110,0.0007253251877098565
sl,23850,0.0007175033482737486
xi,23572,0.0007091399968766793
ug,23368,0.0007030028613191177
pt,23219,0.0006985203456422712
ok,22846,0.0006872990144512394
ly,22832,0.0006868778384816029
tl,22827,0.0006867274184924469
yo,22825,0.0006866672504967846
dd,22702,0.0006829669187635489
ny,22607,0.0006801089389695863
ow,22437,0.000674994659338285
ej,21729,0.0006536951888738065
oy,21650,0.0006513185530451429
ek,21489,0.0006464750293943221
km,21395,0.0006436471335981908
fl,20933,0.0006297483266001836
rá,20924,0.000629477570619703
xt,20831,0.0006266797588214028
ps,20824,0.0006264691708365845
rp,20450,0.0006152177556477215
ty,20413,0.0006141046477279677
uf,20230,0.000608599276124861
nz,19515,0.0005870892176755642
sd,19474,0.0005858557737644856
rk,19454,0.0005852540938078619
yl,19432,0.0005845922458555758
ff,18932,0.0005695502469399836
gn,18740,0.0005637741193563961
ww,18532,0.0005575166478075099
tz,18520,0.0005571556398335356
df,18062,0.0005433771688268532
kk,18035,0.0005425649008854111
hr,17878,0.0005378417132259152
oh,17819,0.0005360667573538753
ao,17626,0.0005302605457724567
ys,17578,0.0005288165138765599
ji,17242,0.0005187082906052819
aq,17217,0.0005179561906595023
pp,17074,0.0005136541789696429
uk,17023,0.0005121198950802525
lb,16954,0.0005100440992299009
ht,16951,0.0005099538472364073
rv,16724,0.0005031247797287284
lv,16668,0.0005014400758501821
eh,16436,0.0004944605883533472
aw,15864,0.00047725254159390975
hy,15846,0.00047671102963294844
tc,15386,0.0004628723906306036
én,15301,0.00046031525081495294
yu,15266,0.0004592623108908615
bc,15112,0.00045462937522485906
sn,15088,0.00045390735927691066
cd,15045,0.00045261374737016975
oz,14980,0.00045065828751114276
lg,14897,0.0004481613156911544
nv,14785,0.0004447919079340618
kn,14720,0.0004428364480750348
éé,14594,0.00043904586434830554
rf,14593,0.00043901578035047435
ox,14500,0.0004362179685521742
hk,14334,0.0004312240249121976
nb,14118,0.00042472588138066174
fg,14012,0.0004215369776105562
lp,13951,0.00041970185374285394
ij,13763,0.0004140460621505913
ms,13736,0.0004132337942091493
lf,13639,0.0004103156464195244
sy,13609,0.0004094131264845889
oj,13591,0.00040887161452362756
jh,13529,0.00040700640665809415
ew,13514,0.00040655514669062635
ña,13481,0.0004055623747621973
wo,13417,0.0004036369989010015
kr,13391,0.0004028548149573907
ax,13359,0.0004018921270267928
sb,13317,0.00040062859911788306
kh,13294,0.0003999366671677658
fj,13266,0.0003990943152284926
nh,13177,0.00039641683942151723
yy,13144,0.0003954240674930881
yn,13088,0.0003937393636145418
sf,13036,0.0003921749957273202
fd,12865,0.00038703063209818766
ix,12845,0.00038642895214156396
añ,12720,0.00038266845241266594
xe,12714,0.0003824879484256788
ky,12712,0.00038242778043001647
gs,12638,0.0003802015645905088
nl,12583,0.0003785469447097937
tm,12531,0.00037698257682257206
ín,12526,0.00037683215683341617
ño,12423,0.00037373350505680417
gg,12156,0.0003657010776358779
kl,12141,0.00036524981766841014
xa,12123,0.0003647083057074488
zu,12096,0.00036389603776600685
ks,12061,0.0003628430978419154
uz,12044,0.0003623316698787853
iq,11720,0.0003525844545814815
mj,11691,0.0003517120186443772
yr,11615,0.00034942563480920715
rh,11614,0.00034939555081137596
nr,11290,0.0003396483355140722
ís,11278,0.000339287327540098
xp,11262,0.00033880598357479905
nj,11171,0.0003360683397721613
uy,11052,0.0003324883440302503
tá,11043,0.0003322175880497696
sv,10826,0.00032568936052040264
gt,10808,0.0003251478485594413
dy,10755,0.0003235533966743885
sq,10735,0.0003229517167177648
ró,10657,0.00032060516488693246
eñ,10568,0.000317927689079957
ér,10561,0.00031771710109513874
és,10536,0.00031696500114935914
eq,10518,0.00031642348918839783
iy,10465,0.00031482903730334507
yc,10455,0.0003145281973250332
ft,10321,0.0003104969416156545
ré,10315,0.0003103164376286674
ás,10191,0.0003065860218976005
tí,10103,0.00030393863008845625
hl,10073,0.00030303611015352076
má,10064,0.0003027653541730401
uu,9939,0.000299004854444142
lí,9892,0.00029759090654607635
dí,9876,0.0002971095625807774
yp,9826,0.0002956053626892182
hn,9795,0.0002946727587564515
my,9668,0.00029085209103189104
np,9626,0.0002895885631229813
oq,9560,0.00028760301926612314
bs,9555,0.0002874525992769672
rz,9519,0.00028636957535504455
sr,9455,0.00028444419949384876
lk,9448,0.0002842336115090305
ié,9361,0.0002816163036977174
dh,9313,0.0002801722718018206
zz,9246,0.00027815664394713124
rq,9219,0.00027734437600568926
mn,9201,0.00027680286404472795
ih,9127,0.0002745766482052203
ló,9119,0.0002743359762225708
yt,8881,0.0002671759847387489
cy,8844,0.0002660628768189951
ym,8828,0.00026558153285369615
sg,8809,0.00026500993689490364
ár,8677,0.0002610388491811873
tó,8552,0.0002572783494522892
uv,8528,0.0002565563335043408
hh,8522,0.0002563758295173537
nq,8468,0.0002547512936344697
cs,8408,0.0002529462537645987
lá,8354,0.00025132171788171473
bb,8327,0.00025050944994027275
xx,8266,0.00024867432607257047
dl,8264,0.0002486141580769081
uo,8214,0.0002471099581853489
uj,8162,0.0002455455902981273
gm,8108,0.00024392105441524333
mc,7984,0.00024019063868417647
yi,7772,0.00023381283114396538
xo,7736,0.00023272980722204275
jj,7654,0.0002302629193998856
té,7572,0.0002277960315777285
dm,7302,0.0002196733521633087
lh,7300,0.00021961318416764632
ux,7212,0.0002169657923585021
vs,7144,0.00021492008050598156
tn,7094,0.00021341588061442234
dc,7053,0.00021218243670334378
mé,7018,0.00021112949677925231
zh,6980,0.0002099863048616673
hm,6960,0.00020938462490504363
by,6840,0.00020577454516530148
dt,6734,0.00020258564139519593
lé,6702,0.00020162295346459803
ws,6643,0.00019984799759255816
yd,6605,0.00019870480567497315
xc,6477,0.00019485405395258155
kt,6375,0.00019178548617380074
át,6371,0.00019166515018247598
ét,6338,0.00019067237825404692
uh,6335,0.00019058212626055335
ní,6281,0.0001889575903776694
ít,6222,0.0001871826345056295
gy,6203,0.00018661103854683702
cá,6191,0.0001862500305728628
tb,6179,0.0001858890225988886
dg,6178,0.0001858589386010574
hs,6085,0.00018306112680275725
cn,6066,0.00018248953084396474
ln,6049,0.00018197810288083461
có,5902,0.00017755575519965049
né,5879,0.00017686382324953325
pg,5837,0.0001756002953406235
ná,5789,0.00017415626344472666
sz,5734,0.00017250164356401152
jp,5727,0.00017229105557919322
dj,5651,0.0001700046717440232
pc,5646,0.0001698542517548673
cm,5599,0.00016844030385680162
íc,5548,0.00016690601996741122
hp,5506,0.00016564249205850147
ué,5491,0.0001651912320910337
ól,5481,0.00016489039211272185
tv,5476,0.00016473997212356593
px,5422,0.00016311543624068198
rj,5399,0.00016242350429056474
db,5384,0.00016197224432309696
nó,5358,0.00016119006037948618
dn,5322,0.00016010703645756352
tw,5311,0.0001597761124814205
óg,5299,0.00015941510450744628
rw,5228,0.00015727914066143218
ml,5223,0.00015712872067227628
cí,5189,0.000156105864746016
py,5148,0.00015487242083493744
vu,5128,0.00015427074087831375
dé,5107,0.0001536389769238589
sí,5024,0.00015114200510387056
gb,4987,0.00015002889718411673
iá,4944,0.00014873528527737582
uí,4941,0.00014864503328388225
lr,4933,0.00014840436130123279
mr,4933,0.00014840436130123279
zc,4930,0.00014831410930773924
bd,4923,0.00014810352132292094
vr,4893,0.00014720100138798542
ál,4890,0.00014711074939449185
tp,4859,0.00014617814546172514
yb,4848,0.0001458472214855821
mt,4842,0.000145666717498595
ór,4674,0.00014061260586295602
óm,4620,0.00013898806998007205
hb,4602,0.00013844655801911073
hc,4555,0.00013703261012104506
tf,4527,0.0001361902581817719
ác,4527,0.0001361902581817719
cz,4522,0.00013603983819261597
tx,4515,0.0001358292502077977
tg,4473,0.00013456572229888795
dz,4470,0.0001344754703053944
hw,4460,0.00013417463032708256
fs,4439,0.00013354286637262767
él,4406,0.00013255009444419858
ós,4390,0.00013206875047889964
gí,4367,0.0001313768185287824
wn,4348,0.0001308052225699899
fí,4284,0.0001288798467087941
pn,4263,0.0001282480827543392
sj,4199,0.00012632270689314341
qa,4164,0.00012526976696905197
iñ,4164,0.00012526976696905197
zy,4162,0.0001252095989733896
wh,4153,0.00012493884299290893
kf,4152,0.00012490875899507774
yg,4146,0.00012472825500809063
dv,4143,0.00012463800301459708
jk,4108,0.00012358506309050564
iw,4106,0.00012352489509484326
nw,4086,0.00012292321513821956
bh,4083,0.00012283296314472602
lj,4041,0.00012156943523581627
lz,4040,0.00012153935123798508
md,4036,0.00012141901524666035
dó,4020,0.0001209376712813614
mí,4016,0.00012081733529003667
sé,4007,0.00012054657930955601
éc,3999,0.00012030590732690653
bt,3941,0.00011856103545269783
mf,3891,0.00011705683556113862
gd,3885,0.0001168763315741515
uq,3881,0.00011675599558282677
tk,3855,0.00011597381163921597
mó,3842,0.00011558271966741058
td,3795,0.0001141687717693449
ío,3784,0.00011383784779320188
wu,3756,0.00011299549585392872
dp,3702,0.00011137095997104475
bn,3696,0.00011119045598405765
yk,3678,0.00011064894402309632
dw,3660,0.000110107432062135
cv,3621,0.00010893415614671882
pá,3612,0.00010866340016623816
vv,3597,0.00010821214019877039
cé,3596,0.00010818205620093921
bj,3559,0.00010706894828118539
gü,3519,0.000105865588367938
gé,3465,0.00010424105248505404
ún,3458,0.00010403046450023575
ví,3433,0.00010327836455445614
uw,3424,0.00010300760857397549
zt,3419,0.00010285718858481956
pé,3416,0.000102766936591326
zm,3413,0.00010267668459783245
xu,3384,0.0001018042486607281
sá,3382,0.00010174408066506574
aí,3324,9.999920879085704e-05
fm,3310,9.957803282122046e-05
js,3310,9.957803282122046e-05
pf,3284,9.879584887760966e-05
mg,3273,9.846492490146664e-05
wr,3271,9.840475690580427e-05
cp,3261,9.810391692749242e-05
pm,3255,9.792341294050531e-05
cf,3224,9.69908090077386e-05
dá,3216,9.675013702508912e-05
ám,3167,9.527602113136108e-05
vl,3166,9.52459371335299e-05
gc,3153,9.48548451617245e-05
kw,3147,9.46743411747374e-05
vá,3147,9.46743411747374e-05
zk,3092,9.301972129402226e-05
ém,3069,9.232778934390502e-05
ím,3052,9.181636138077488e-05
íd,3049,9.172610938728132e-05
hé,3041,9.148543740463185e-05
só,3029,9.112442943065764e-05
fc,3021,9.088375744800815e-05
qi,3015,9.070325346102105e-05
hd,3008,9.049266547620276e-05
gf,2973,8.94397255521113e-05
vn,2970,8.934947355861775e-05
zá,2965,8.919905356946183e-05
ót,2941,8.847703762151341e-05
vg,2932,8.820628164103275e-05
pd,2929,8.811602964753919e-05
ñe,2897,8.71533417169413e-05
lq,2893,8.703300572561655e-05
ée,2861,8.607031779501865e-05
óp,2857,8.594998180369391e-05
gó,2851,8.57694778167068e-05
zó,2830,8.513771386225193e-05
gá,2808,8.447586590996588e-05
tj,2799,8.420510992948522e-05
lw,2776,8.351317797936798e-05
eó,2775,8.348309398153679e-05
vc,2751,8.276107803358837e-05
pó,2732,8.218948207479586e-05
bá,2729,8.20992300813023e-05
bé,2724,8.194881009214638e-05
zn,2721,8.185855809865282e-05
bm,2721,8.185855809865282e-05
mw,2700,8.122679414419795e-05
kg,2697,8.11365421507044e-05
áf,2687,8.083570217239256e-05
mh,2647,7.963234225914518e-05
jd,2643,7.951200626782044e-05
gw,2624,7.894041030902794e-05
óf,2617,7.872982232420965e-05
wt,2615,7.866965432854728e-05
bf,2610,7.851923433939136e-05
fh,2597,7.812814236758596e-05
xy,2594,7.80378903740924e-05
bv,2587,7.782730238927411e-05
pb,2553,7.680444646301385e-05
jm,2553,7.680444646301385e-05
zl,2538,7.635318649554608e-05
vy,2537,7.63231024977149e-05
hj,2530,7.611251451289661e-05
yf,2522,7.587184253024713e-05
cb,2522,7.587184253024713e-05
cg,2486,7.47888186083245e-05
nx,2484,7.472865061266211e-05
wl,2471,7.433755864085672e-05
kb,2440,7.340495470809e-05
kj,2435,7.325453471893409e-05
íl,2431,7.313419872760934e-05
éd,2419,7.277319075363513e-05
hg,2417,7.271302275797276e-05
xd,2416,7.268293876014158e-05
pí,2414,7.262277076447922e-05
ús,2404,7.232193078616737e-05
kp,2375,7.144949484906301e-05
gp,2363,7.108848687508881e-05
wy,2350,7.06973949032834e-05
ág,2346,7.057705891195867e-05
há,2345,7.054697491412748e-05
bg,2301,6.922327900955537e-05
gj,2276,6.847117906377576e-05
kc,2266,6.817033908546391e-05
kd,2264,6.811017108980154e-05
vk,2241,6.74182391396843e-05
íf,2239,6.735807114402194e-05
yh,2226,6.696697917221654e-05
zb,2224,6.690681117655416e-05
uñ,2204,6.630513121993048e-05
mk,2189,6.585387125246271e-05
ái,2185,6.573353526113797e-05
wc,2181,6.561319926981324e-05
jc,2168,6.522210729800785e-05
bí,2157,6.489118332186481e-05
hv,2140,6.437975535873468e-05
áp,2140,6.437975535873468e-05
xh,2135,6.422933536957876e-05
hí,2129,6.404883138259164e-05
dk,2129,6.404883138259164e-05
áb,2122,6.383824339777335e-05
hf,2118,6.371790740644862e-05
jr,2093,6.296580746066901e-05
vé,2068,6.22137075148894e-05
xs,2059,6.194295153440873e-05
ír,2056,6.185269954091519e-05
ép,2046,6.155185956260334e-05
fy,2031,6.110059959513558e-05
fb,2028,6.101034760164202e-05
yv,2023,6.08599276124861e-05
xm,2009,6.043875164284952e-05
mx,1990,5.986715568405701e-05
gk,1979,5.9536231707913985e-05
zg,1971,5.929555972526451e-05
éi,1965,5.91150557382774e-05
uá,1953,5.875404776430319e-05
zd,1946,5.8543459779484896e-05
vd,1934,5.818245180551069e-05
mv,1926,5.7941779822861206e-05
jn,1926,5.7941779822861206e-05
íe,1912,5.752060385322463e-05
yz,1903,5.7249847872743965e-05
bp,1900,5.7159595879250415e-05
zs,1898,5.709942788358805e-05
zq,1894,5.697909189226331e-05
wp,1885,5.670833591178265e-05
vb,1874,5.637741193563962e-05
fn,1867,5.6166823950821326e-05
eí,1849,5.562531198986001e-05
ég,1846,5.553505999636645e-05
íg,1837,5.5264304015885794e-05
qe,1828,5.4993548035405136e-05
kv,1824,5.4873212044080395e-05
dx,1816,5.463254006143092e-05
rú,1815,5.460245606359974e-05
xv,1803,5.424144808962552e-05
ñi,1781,5.3579600137339465e-05
yw,1779,5.35194321416771e-05
wm,1779,5.35194321416771e-05
bó,1764,5.306817217420933e-05
xl,1738,5.2285988230598534e-05
rx,1730,5.204531624794906e-05
vm,1711,5.147372028915656e-05
gv,1704,5.126313230433827e-05
oñ,1676,5.0420780365065104e-05
cq,1673,5.0330528371571547e-05
üe,1658,4.987926840410378e-05
cx,1652,4.969876441711667e-05
ód,1641,4.936784044097365e-05
zp,1635,4.918733645398654e-05
fé,1633,4.912716845832417e-05
zv,1619,4.870599248868759e-05
fó,1616,4.8615740495194034e-05
tú,1613,4.852548850170048e-05
wd,1609,4.840515251037574e-05
év,1609,4.840515251037574e-05
jó,1604,4.8254732521219825e-05
jl,1597,4.8044144536401534e-05
jb,1594,4.7953892542907976e-05
já,1592,4.789372454724561e-05
fv,1565,4.708145660580363e-05
qw,1565,4.708145660580363e-05
zx,1485,4.4674736779308875e-05
rü,1483,4.461456878364651e-05
zr,1479,4.449423279232177e-05
ád,1468,4.416330881617874e-05
pk,1462,4.3982804829191634e-05
úl,1461,4.395272083136045e-05
gú,1461,4.395272083136045e-05
ür,1460,4.392263683352927e-05
íp,1455,4.377221684437334e-05
wb,1454,4.374213284654216e-05
xf,1454,4.374213284654216e-05
éa,1454,4.374213284654216e-05
pú,1445,4.34713768660615e-05
úr,1431,4.305020089642492e-05
ün,1426,4.2899780907268995e-05
hz,1421,4.274936091811307e-05
fp,1409,4.238835294413886e-05
vz,1397,4.2027344970164646e-05
wk,1389,4.178667298751517e-05
óc,1389,4.178667298751517e-05
lx,1389,4.178667298751517e-05
eá,1381,4.15460010048657e-05
yj,1381,4.15460010048657e-05
vt,1372,4.127524502438504e-05
qq,1361,4.094432104824201e-05
xb,1359,4.088415305257964e-05
fá,1343,4.0402809087280684e-05
yx,1333,4.010196910896884e-05
ká,1332,4.007188511113766e-05
jf,1329,3.998163311764411e-05
jt,1318,3.9650709141501076e-05
zw,1317,3.962062514366989e-05
mú,1315,3.9560457148007526e-05
jg,1313,3.950028915234515e-05
áv,1312,3.947020515451397e-05
dq,1299,3.907911318270857e-05
lú,1293,3.889860919572147e-05
yá,1286,3.868802121090318e-05
mq,1280,3.850751722391607e-05
cú,1260,3.790583726729238e-05
wf,1236,3.7183821319343956e-05
fk,1234,3.712365332368158e-05
nú,1230,3.700331733235685e-05
sx,1222,3.6762645349707374e-05
wg,1219,3.6672393356213816e-05
úb,1207,3.631138538223961e-05
qy,1207,3.631138538223961e-05
hó,1183,3.558936943429118e-05
íb,1176,3.5378781449472886e-05
cj,1149,3.456651350803091e-05
úm,1149,3.456651350803091e-05
ül,1146,3.4476261514537354e-05
óv,1141,3.432584152538143e-05
xr,1138,3.423558953188788e-05
pv,1129,3.396483355140722e-05
gz,1123,3.3784329564420113e-05
sú,1111,3.34233215904459e-05
bk,1095,3.294197762514695e-05
úa,1093,3.288180962948458e-05
áu,1071,3.2219961677198525e-05
kó,1060,3.188903770105549e-05
bz,1045,3.143777773358773e-05
éb,1040,3.12873577444318e-05
bú,1037,3.119710575093825e-05
yé,1029,3.095643376828878e-05
xg,1025,3.083609777696404e-05
éo,1021,3.07157617856393e-05
út,1015,3.0535257798652195e-05
bw,1014,3.050517380082101e-05
mz,1010,3.038483780949627e-05
éx,998,3.002382983552206e-05
ív,998,3.002382983552206e-05
qr,998,3.002382983552206e-05
pw,986,2.9662821861547847e-05
mü,986,2.9662821861547847e-05
hq,984,2.9602653865885477e-05
xn,983,2.9572569868054293e-05
ké,975,2.933189788540482e-05
vp,950,2.8579797939625207e-05
cw,948,2.8519629943962837e-05
qt,941,2.8309041959144546e-05
lñ,929,2.7948033985170334e-05
üh,923,2.7767529998183226e-05
jv,921,2.770736200252086e-05
qo,918,2.7617110009027305e-05
yq,916,2.7556942013364935e-05
zj,912,2.7436606022040198e-05
üt,908,2.731627003071546e-05
ñu,893,2.6865010063247695e-05
üc,891,2.6804842067585324e-05
vh,882,2.6534086087104666e-05
éf,881,2.6504002089273482e-05
aé,879,2.6443834093611112e-05
aú,874,2.629341410445519e-05
hú,866,2.6052742121805717e-05
qp,866,2.6052742121805717e-05
üi,865,2.602265812397453e-05
fx,856,2.575190214349387e-05
kü,851,2.5601482154337947e-05
ób,849,2.554131415867558e-05
oí,835,2.5120138189038998e-05
áz,829,2.493963420205189e-05
bü,814,2.4488374234584124e-05
lü,812,2.4428206238921757e-05
pj,810,2.4368038243259387e-05
pq,806,2.424770225193465e-05
úc,786,2.364602229531096e-05
hü,780,2.3465518308323855e-05
fw,773,2.3254930323505564e-05
yó,770,2.316467833001201e-05
tq,767,2.3074426336518457e-05
ów,759,2.2833754353868982e-05
ói,759,2.2833754353868982e-05
éz,750,2.256299837338832e-05
íz,748,2.2502830377725953e-05
ík,748,2.2502830377725953e-05
kz,746,2.2442662382063583e-05
ql,731,2.1991402414595817e-05
gx,731,2.1991402414595817e-05
dú,730,2.1961318416764634e-05
jy,728,2.1901150421102263e-05
vf,705,2.1209218470985023e-05
vó,683,2.0547370518698966e-05
ák,681,2.0487202523036595e-05
zf,677,2.0366866531711858e-05
wj,672,2.0216446542555937e-05
jí,665,2.0005858557737646e-05
pz,661,1.988552256641291e-05
ñz,661,1.988552256641291e-05
qs,650,1.955459859026988e-05
fü,649,1.9524514592438693e-05
jé,646,1.943426259894514e-05
fú,629,1.8922834635815006e-05
zé,627,1.8862666640152636e-05
bx,618,1.8591910659671978e-05
tü,612,1.841140667268487e-05
üb,611,1.8381322674853687e-05
xí,608,1.8291070681360133e-05
vj,604,1.8170734690035396e-05
oé,590,1.7749558720398813e-05
üs,586,1.7629222729074076e-05
wv,582,1.750888673774934e-05
xk,579,1.7418634744255785e-05
óx,575,1.7298298752931047e-05
qc,563,1.6937290778956832e-05
éu,556,1.672670279413854e-05
oá,553,1.663645080064499e-05
hx,548,1.6486030811489066e-05
úe,538,1.618519083317722e-05
íq,536,1.6125022837514854e-05
úp,535,1.609493883968367e-05
kx,532,1.6004686846190117e-05
eé,529,1.5914434852696563e-05
ññ,526,1.582418285920301e-05
ñá,525,1.5794098861371826e-05
xq,525,1.5794098861371826e-05
ií,522,1.5703846867878272e-05
sü,518,1.5583510876553534e-05
xw,514,1.5463174885228797e-05
qh,512,1.5403006889566427e-05
ñó,510,1.534283889390406e-05
jw,508,1.528267089824169e-05
éj,504,1.5162334906916952e-05
xz,501,1.5072082913423398e-05
áy,499,1.501191491776103e-05
áe,497,1.495174692209866e-05
wq,495,1.4891578926436292e-05
kí,493,1.4831410930773923e-05
xj,491,1.4771242935111555e-05
oó,482,1.4500486954630895e-05
iú,474,1.4259814971981419e-05
yú,474,1.4259814971981419e-05
gq,470,1.4139478980656681e-05
qv,463,1.392889099583839e-05
fz,456,1.3718303011020099e-05
zú,442,1.3297127041383518e-05
úd,440,1.3236959045721148e-05
áj,434,1.3056455058734042e-05
bq,422,1.2695447084759828e-05
jz,420,1.263527908909746e-05
jú,419,1.2605195091266276e-05
vw,416,1.2514943097772722e-05
íó,416,1.2514943097772722e-05
dü,407,1.2244187117292062e-05
qm,406,1.2214103119460879e-05
qb,405,1.2184019121629694e-05
aó,405,1.2184019121629694e-05
uó,402,1.209376712813614e-05
zí,398,1.1973431136811402e-05
wz,397,1.1943347138980219e-05
üd,397,1.1943347138980219e-05
aá,396,1.1913263141149034e-05
qd,396,1.1913263141149034e-05
áq,393,1.182301114765548e-05
xó,387,1.1642507160668374e-05
wx,385,1.1582339165006005e-05
íi,378,1.1371751180187714e-05
üí,377,1.1341667182356529e-05
qn,370,1.113107919753824e-05
éy,366,1.10107432062135e-05
ék,359,1.0800155221395209e-05
vx,357,1.073998722573284e-05
áh,354,1.0649735232239288e-05
fq,352,1.058956723657692e-05
ñí,351,1.0559483238745734e-05
óa,350,1.052939924091455e-05
óe,348,1.046923124525218e-05
xá,343,1.031881125609626e-05
üm,337,1.0138307269109152e-05
kú,337,1.0138307269109152e-05
vq,336,1.0108223271277969e-05
éq,328,9.867551288628492e-06
áx,319,9.596795308147832e-06
üg,317,9.536627312485464e-06
éh,304,9.145535340680066e-06
áa,304,9.145535340680066e-06
qf,304,9.145535340680066e-06
kq,301,9.055283347186513e-06
wü,301,9.055283347186513e-06
ók,293,8.814611364537038e-06
qk,291,8.75444336887467e-06
nü,285,8.573939381887562e-06
jx,284,8.543855384056378e-06
qx,274,8.243015405744533e-06
áñ,266,8.002343423095058e-06
eú,266,8.002343423095058e-06
jq,263,7.912091429601505e-06
óz,260,7.82183943610795e-06
wá,256,7.701503444783213e-06
xé,246,7.400663466471369e-06
íj,242,7.280327475146632e-06
ük,238,7.159991483821894e-06
úz,234,7.039655492497156e-06
üa,228,6.8591515055100494e-06
új,225,6.768899512016496e-06
úg,222,6.678647518522943e-06
óo,222,6.678647518522943e-06
yí,212,6.377807540211099e-06
qg,208,6.257471548886361e-06
qj,207,6.227387551055177e-06
úi,206,6.197303553223992e-06
ñé,206,6.197303553223992e-06
íu,202,6.076967561899254e-06
zü,198,5.956631570574517e-06
ój,197,5.9265475727433325e-06
óy,195,5.866379577080964e-06
ñl,189,5.685875590093857e-06
óq,187,5.625707594431488e-06
íy,181,5.4452036074443815e-06
úy,178,5.3549516139508285e-06
áo,172,5.174447626963722e-06
wé,167,5.0240276378078e-06
óu,166,4.993943639976615e-06
yü,157,4.723187659495955e-06
oú,156,4.6931036616647706e-06
qz,156,4.6931036616647706e-06
üz,156,4.6931036616647706e-06
úo,155,4.663019663833586e-06
pü,153,4.6028516681712176e-06
jü,141,4.241843694197005e-06
úf,141,4.241843694197005e-06
úk,141,4.241843694197005e-06
sñ,141,4.241843694197005e-06
gñ,133,4.001171711547529e-06
üf,128,3.850751722391607e-06
íí,128,3.850751722391607e-06
nñ,125,3.7604997288980537e-06
úv,124,3.730415731066869e-06
üp,124,3.730415731066869e-06
óh,123,3.7003317332356846e-06
úq,120,3.6100797397421316e-06
aü,120,3.6100797397421316e-06
íx,118,3.5499117440797625e-06
qü,117,3.519827746248578e-06
íh,114,3.4295757527550247e-06
íñ,114,3.4295757527550247e-06
pñ,105,3.158819772274365e-06
úñ,100,3.0083997831184428e-06
rñ,96,2.888063791793705e-06
jñ,95,2.8579797939625207e-06
ñs,94,2.8278957961313363e-06
óó,92,2.7677278004689672e-06
üé,90,2.7075598048065986e-06
mñ,83,2.4969718199883074e-06
ñg,82,2.466887822157123e-06
wó,81,2.4368038243259387e-06
hñ,80,2.4067198264947544e-06
qí,79,2.37663582866357e-06
dñ,78,2.3465518308323853e-06
ñk,78,2.3465518308323853e-06
úu,73,2.196131841676463e-06
üü,73,2.196131841676463e-06
ñd,71,2.1359638460140945e-06
úh,71,2.1359638460140945e-06
üy,70,2.10587984818291e-06
íá,67,2.0156278546893568e-06
tñ,62,1.8652078655334345e-06
ñh,62,1.8652078655334345e-06
kñ,60,1.8050398698710658e-06
xú,59,1.7749558720398812e-06
fñ,59,1.7749558720398812e-06
ñp,59,1.7749558720398812e-06
áá,59,1.7749558720398812e-06
uú,58,1.744871874208697e-06
üv,58,1.744871874208697e-06
ñj,58,1.744871874208697e-06
ñc,57,1.7147878763775124e-06
wí,57,1.7147878763775124e-06
yñ,56,1.684703878546328e-06
vú,54,1.6245358828839591e-06
cü,49,1.474115893728037e-06
ñy,48,1.4440318958968525e-06
íé,48,1.4440318958968525e-06
ñf,46,1.3838639002344836e-06
bñ,44,1.323695904572115e-06
cñ,43,1.2936119067409304e-06
iü,43,1.2936119067409304e-06
qú,42,1.263527908909746e-06
ñn,42,1.263527908909746e-06
qá,41,1.2334439110785615e-06
oü,40,1.2033599132473772e-06
ñú,39,1.1732759154161926e-06
éñ,38,1.1431919175850083e-06
áw,37,1.1131079197538238e-06
eü,35,1.052939924091455e-06
ñm,30,9.025199349355329e-07
éw,30,9.025199349355329e-07
üj,29,8.724359371043485e-07
áé,28,8.42351939273164e-07
ñr,26,7.821839436107951e-07
ñt,26,7.821839436107951e-07
vñ,26,7.821839436107951e-07
úx,25,7.520999457796107e-07
qñ,25,7.520999457796107e-07
üo,25,7.520999457796107e-07
óñ,23,6.919319501172418e-07
zñ,23,6.919319501172418e-07
éí,22,6.618479522860575e-07
üw,21,6.31763954454873e-07
úú,21,6.31763954454873e-07
wñ,21,6.31763954454873e-07
ñw,20,6.016799566236886e-07
óú,19,5.715959587925042e-07
áí,18,5.415119609613197e-07
wú,17,5.114279631301353e-07
üx,16,4.813439652989508e-07
ñb,16,4.813439652989508e-07
úí,15,4.5125996746776645e-07
ñv,15,4.5125996746776645e-07
üñ,15,4.5125996746776645e-07
úé,14,4.21175969636582e-07
vü,14,4.21175969636582e-07
qé,11,3.3092397614302874e-07
úá,10,3.008399783118443e-07
ñq,10,3.008399783118443e-07
ñx,10,3.008399783118443e-07
ñü,9,2.7075598048065986e-07
úw,9,2.7075598048065986e-07
üu,9,2.7075598048065986e-07
íw,9,2.7075598048065986e-07
úó,8,2.406719826494754e-07
éá,8,2.406719826494754e-07
uü,8,2.406719826494754e-07
xü,7,2.10587984818291e-07
óá,6,1.8050398698710656e-07
üq,6,1.8050398698710656e-07
óé,6,1.8050398698710656e-07
áó,5,1.5041998915592215e-07
éó,5,1.5041998915592215e-07
qó,5,1.5041998915592215e-07
óí,4,1.203359913247377e-07
úü,3,9.025199349355328e-08
xñ,3,9.025199349355328e-08
áú,3,9.025199349355328e-08
üá,2,6.016799566236885e-08
éú,2,6.016799566236885e-08
üó,2,6.016799566236885e-08
éü,2,6.016799566236885e-08
íú,2,6.016799566236885e-08
óü,1,3.008399783118443e-08
üú,1,3.008399783118443e-08
áü,1,3.008399783118443e-08
